nombre,archivo
Pelota Kong Classic,Pelota_kong.webp
Hueso Mordedor,Hueso_mordedor.webp
Cuerda de algodón,Cuerda.webp
Pelota con sonido,Pelota_sonido.webp
Aro mordedor Kong Flyer,Aro_mordedor.webp
Pienso Pedigree Adulto,Pienso_adulto.webp
Pienso Pedigree Cachorro,Pienso_cachorro.webp
Comida húmeda Royal Canin,Comida_humeda.webp
Snack de pollo deshidratado,Snack.webp
Barritas dentales Pedigree Dentastix,Barritas_dentales.webp
Correa extensible 5m,Correa.webp
Arnés ajustable,Arnes_ajustable.webp
Collar luminoso LED,Collar_luminoso.webp
Comedero antideslizante,Comedero.webp
Botella portátil de agua,Botella_portatil.webp
Champú natural para perro,Champu.webp
Toallitas húmedas Trixie,Toallitas_humedas.webp
Cepillo doble,Cepillo_doble.webp
Cama ovalada acolchada,Cama_acolchada.webp
Manta polar,Manta.webp
